<?xml version="1.0" encoding="UTF-8"?>
<rss version="2.0" xmlns:ror="http://rorweb.com/0.1/" >
<channel>
  <title>ROR Sitemap for http://www.rangetents.com/</title>
  <link>http://www.rangetents.com/</link>

<item>
     <link>http://www.rangetents.com/</link>
     <title>Home | Range tents services</title>
     <description>Home | Range tents services</description>
     <ror:updatePeriod></ror:updatePeriod>
     <ror:sortOrder>0</ror:sortOrder>
     <ror:resourceOf>sitemap</ror:resourceOf>
</item>
<item>
     <link>http://www.rangetents.com/index.php</link>
     <title>Home | Range tents services</title>
     <description>Home | Range tents services</description>
     <ror:updatePeriod></ror:updatePeriod>
     <ror:sortOrder>1</ror:sortOrder>
     <ror:resourceOf>sitemap</ror:resourceOf>
</item>
<item>
     <link>http://www.rangetents.com/DisplayImages.php</link>
     <title>Products</title>
     <description>Products</description>
     <ror:updatePeriod></ror:updatePeriod>
     <ror:sortOrder>1</ror:sortOrder>
     <ror:resourceOf>sitemap</ror:resourceOf>
</item>
<item>
     <link>http://www.rangetents.com/Contact%20us.php</link>
     <title>Contact Us</title>
     <description>Contact Us</description>
     <ror:updatePeriod></ror:updatePeriod>
     <ror:sortOrder>1</ror:sortOrder>
     <ror:resourceOf>sitemap</ror:resourceOf>
</item>
<item>
     <link>http://www.rangetents.com/comment.php</link>
     <title>Contact Us</title>
     <description>Contact Us</description>
     <ror:updatePeriod></ror:updatePeriod>
     <ror:sortOrder>1</ror:sortOrder>
     <ror:resourceOf>sitemap</ror:resourceOf>
</item>
</channel>
</rss>
  